"ELO","Team"
0.4496244641732946,SDP
0.5503755358267054,ARI
0.4490366866631204,KCR
0.5509633133368796,TOR
0.6258264658541406,MIN
0.3741735341458594,DET
0.5195698357605717,TEX
0.4804301642394283,ANA
0.5350316994856651,ATL
0.4649683005143349,COL
0.523286288643522,STL
0.476713711356478,WSN
0.47487719951117086,PIT
0.5251228004888291,CHC
0.5866322697066997,NYY
0.4133677302933003,TBD
